original_text,translated_text
abandon,"оставить, забросить"
abate,"уменьшаться, ослабевать"
abduct,похищать
abide,"смириться, выносить"
able,"способный, могущий"
abnormal,"ненормальный, аномальный"
aboard,на борту
abolish,упразднять
abort,прерывать
abound,изобиловать
about,примерно
abroad,за границу
abrupt,"крутой, резкий"
absent,отсутствующий
absorb,"впитывать, поглощать"
abundant,обильный
abuse,"оскорблять, бранить, брань"
abuse,злоупотреблять
abuse,"насилие, домогательство"
accelerate,ускорять
accept,принять
access,доступ
accessory,"принадлежность, аксессуар"
accident,случайность
accident,"происшествие, напр.  ДТП"
acclaim,"приветствовать, аплодировать"
accommodate,"размещать, вмещать"
accompany,сопровождать
accomplish,"выполнить, завершить"
accord,согласие
according to,в соответствии
account,счёт (в банке)
account,отчёт
account for,объяснить (произошедшее)
accurate,точный
accuse,обвинять
accustom,приучить
ache,"боль, болеть"
achieve,достигать
acid,кислота
acknowledge,"признавать, подтверждать"
acquaint,знакомить
acquire,обретать
acquit,оправдать (в суде)
across,"за, через"
act,действовать
act on,действовать в соответствии
acute,острый
adamant,непреклонный
add to,увеличивать
add up,сходиться (об информации)
addict,"наркоман, привыкать"
addition,"добавление, сложение"
adhere,придерживаться
adjacent,"смежный, прилегающий"
adjective,прилагательное
adjust,"настраивать, поправлять и т.д."
admire,восхищаться
admit,"признавать, допускать"
adolescent,"подросток, подростковый"
adopt,"принимать, перенимать"
adopt,усыновить или взять (животное)
adore,обожать
adorn,украшать
adult,взрослый
adultery,"прелюбодеяние, неверность"
advance,"продвигаться, продвижение"
advantage,преимущество
adventure,приключение
adverb,наречие
adversary,"противник, соперник"
adverse,неблагоприятный
advertise,рекламировать
advice,совет (неисчисл!)
advise,советовать
advocate,"защищать, отстаивать"
aerial,воздушный
aerial,антенна
affair,"дело, занятие"
affair,"роман, любовная история"
affect,воздействовать
affection,"привязанность, влечение"
affiliate,"филиал, отделение, мл. партнёр"
affirm,"утверждать, подтверждать"
afflict,"поражать, вредить"
affluent,"обеспеченный, состоятельный"
afford,позволить себе
afraid,напуганный
after all,"всё-таки, в конце концов"
aftermath,"последствие, результат"
age,"век, эпоха"
age,возраст
agenda,повестка дня
aggravate,обострять
aggregate,совокупный
agile,"проворный, гибкий"
agitate,волновать
agree,соглашаться
agreement,"соглашение, договор"
agriculture,сельское хозяйство
ahead,"вперёд, впереди"
aid,"помощь, помогать"
ailment,"недомогание, болезнь"
aim,цель
air,"вид, впечатление"
airborne,находящийся в воздухе
aircraft,"самолёт, авиация"
airline,авиалиния
aisle,проход
akin,похожий
alarm,"тревога, сигнализация"
alas,увы
albeit,хотя
alert,"тревога, бдительный"
alien,"чужак, пришелец, иммигрант"
alienate,"отчуждать, отдалять, отвергать"
align,"выравнивать, выстраивать"
alike,подобно
alive,живой
all along,всё время
allege,"утверждать, приписывать"
allegiance,верность
allocate,распределять (ресурсы)
allot,"выделять, отводить"
allow,разрешать
allow for,"выделять, рассчитывать"
allowance,"выплата, пособие"
allude,"намекать, указывать"
allure,"очарование, очаровывать"
ally,союзник
almost,почти
alone,в одиночестве
alongside,рядом
aloud,вслух
alter,изменять
alternate,"чередовать, чередующийся"
although,хотя и
altitude,высота
altogether,в целом
amateur,"любитель, любительский"
amaze,"поражать, изумлять"
ambassador,посол
amber,янтарь
ambiguous,"двусмысленный, неоднозначный"
ambulance,скорая помощь
ambush,засада
amend,"исправить, улучшить"
amenity,"удобство, обустройство"
amid (amidst),среди
ammunition,боеприпасы
amount,количество (неисчисл.)
ample,"обильный, широкий"
amplify,усиливать
amuse,"развлечь, порадовать"
ancestor,предок
anchor,"якорь, закреплять"
ancient,древний
anew,заново
anger,гнев
angle,"угол, угловой"
angry,злой
anguish,"мука, страдание"
animate,"живой, одушевлённый, оживлять"
ankle,"лодыжка, щиколотка"
anniversary,годовщина
announce,объявлять
annoy,"раздражать, надоедать"
annual,ежегодный
ant,муравей
anthem,гимн
anticipate,ожидать
antique,старинный
anxiety,"беспокойство, тревога"
anxious,"озабоченный, встревоженный"
anymore,больше не
anytime,в любой момент
anyway,в любом случае
anywhere,"где угодно, куда угодно"
apart,"отдельно, врозь"
apart from,помимо
apartment,квартира
ape,обезьяна (крупная)
apiece,"каждый, за штуку"
apology,извинение(я)
appal,"потрясать, ужасать"
apparent,"явный, видимый"
appeal,"обращаться, взывать"
appear,появиться
appear,казаться
applause,аплодисменты
appliance,"прибор, приспособление"
apply,"применять, применяться"
apply,обращаться (с заявлением)
appoint,"назначать, утверждать"
appraise,оценивать
appreciate,ценить
apprentice,"ученик, стажёр"
approach,"приближаться, подходить"
appropriate,присвоить
appropriate,"подходящий, присущий"
approve,"утвердить, одобрить (офиц.)"
approve of,одобрять (субъективно)
approximate,приблизительный
apron,"фартук, передник"
apt,"склонный, способный"
aquatic,водный
arbitrary,произвольный
arc,дуга
arch,"арка, изгибать"
archive,архив
area,"область, участок"
argue,"спорить, доказывать"
"arise (arose, arisen)","возникать, происходить"
arm,рука
armor (armour),"броня, доспехи"
arms,оружие
arouse,"вызывать, пробуждать"
arrange,"организовать, уладить и т.д."
array,"ряд, порядок, строй"
arrest,"задерживать, тормозить"
arrive,прибывать
arrogant,высокомерный
arrow,"стрела, стрелка"
arson,поджог
article,статья
article,"вещь, изделие"
artificial,искусственный
as though,как будто
as well,также
as well as,так же как и
ascend,восходить
ascertain,"выяснить, установить"
ash,"пепел, зола"
ashamed,пристыженный
ashtray,пепельница
aside,"в стороне, в сторону"
aside from,кроме
ask around,поспрашивать
ask out,пригласить сходить
asleep,спящий
aspire,стремиться
ass,жопа
assassin,убийца
assault,"нападение, нападать"
assemble,собирать
assert,"утверждать, отстаивать"
assess,оценить
asset,"актив, имущество"
assign,"назначать, присваивать"
assimilate,усваивать
assist,помогать
associate,"общаться, связываться"
assume,принимать на себя
assume,предпогалать
assure,уверять
astonish,изумлять
astound,изумлять
asylum,убежище
at all,совсем
at first,сначала
at last,наконец
at least,по крайней мере
at odds with,"в противоречии, в конфликте"
at once,сразу
at the moment,сейчас
atop,наверху
atrocity,"зверство, злодеяние"
attach,"прикрепить, привязать"
attack,"нападать, нападение"
attain,достигать
attempt,"попытка, пытаться"
attend,"уделить внимание, посетить"
attic,чердак
attitude,отношение
attorney,"адвокат, прокурор, поверенный"
attract,"привлекать, притягивать"
attribute,"приписывать, относить"
audible,слышимый
audience,аудитория (люди)
augment,"увеличить, нарастить"
aunt,тётя
authorities,органы власти
authority,власть
authorize,"дать полномочия, поручение"
available,"доступный, в наличии"
avalanche,лавина
average,средний
avert,"предотвращать, отводить"
avid,"заядлый, рьяный, алчный"
avoid,избегать
await,ожидать
awake,"проснуться, бодрствующий"
award,"награда, премия, присуждать"
aware,осведомлённый
awe,"трепет, благоговение"
awesome,"здорово, классно"
awful,ужасный
awhile,какое-то время
awkward,неуклюжий
axe (ax),топор
axis,ось
bachelor,бакалавр
bachelor,холостяк
back down,"отступить, отказаться"
back then,тогда
back up,"поддержать, прикрыть"
backbone,хребет
backdrop,фон
background,"происхождение, предыстория и т.д."
background,фон
backpack,рюкзак
badge,значок
baffled,"в неодумении, в тупике"
bag,"сумка, мешок"
bail,залог
bait,приманка
bake,печь (выпекать)
bald,"лысый, плешивый"
bale,тюк
balloon,воздушный шар
ballot,"госолование, бюллетень"
ban,запрещать
band,ансамбль
bandage,повязка
bang,"удар, взрыв"
banish,отгонять
bank,"берег (реки, озера)"
bank on,"надеяться, полагаться"
bankrupt,"банкрот, неплатежеспособный"
banner,"знамя, транспарант"
baptize,крестить
bar,"пластина, брусок, прут и т. д."
bar,загораживать
barb,"шип, зазубрина"
barber,парикмахер
bare,голый
barefoot,босиком
barely,"едва, лишь только"
bargain,"сделка, торговаться"
bark,кора
bark,лаять
barn,сарай
barrel,бочка
barren,бесплодный
bartender,бармен
base,"основа, основывать"
basement,подвал
bash,колотить
basket,корзина
bastard,ублюдок
bat,бита
bat,летучая мышь
batch,"партия, серия, группа"
bath,ванна
bathe,"купаться, купать"
batter,"паста, тесто, взбивать"
battle,битва
bay,залив
be after,иметь целью
be back,возвращаться
be in,участвовать
be into,"любить, увлекаться"
be keen to,"желать, стремиться"
be late,опоздать
be off,отсутствовать
be on fire,гореть
be over,закончиться
be up to,замышлять что-то
bead,"шарик, бусинка"
beak,клюв
beam,"балка, перекладина"
beam,луч
bean,боб
"bear (bore, born)",рожать
"bear (bore, born)","нести, втч перен."
beard,борода
beast,"зверь, животное, скот"
"beat (beat, beaten)",победить
"beat (beat, beaten)",бить
beat up,побить
beauty,красота или красавица
beaver,бобр
beckon,манить
become of,случиться с к-л впоследствии
beef,говядина
beep,"гудок, гудеть, пищать"
beetle,жук
beforehand,заранее
beg,просить
behave,вести себя
behavior,поведение
behold,"созерцать, видеть"
beige,бежевый
belief,"убеждение, вера"
bell,"колокол, колокольчик"
bellow,"реветь, рёв"
belly,живот
belong to,принадлежать
beloved,любимый
below,"ниже, под"
belt,пояс
bench,скамейка
"bend (bent, bent)","изгибать, изгиб"
bend down,наклониться
beneath,"ниже, под"
benefit,"польза, создавать пользу"
benevolent,благожелательный
berry,ягода
berth,"койка, место, полка в поезде"
beside,рядом
besides,кроме
bestow,даровать
bet,"ставка, пари, держать пари"
betray,предавать
beverage,напиток
beware,остерегаться
bewilder,"смущать, сбивать с толку"
beyond,"вне, свыше"
bias,"склонность, предвзятость"
bicycle,велосипед
bid,"заявка, предложение цены"
bigot,фанатик
bill,счёт (к оплате)
bill,банкнота
billboard,рекламный щит
billion,миллиард
bin,"ящик, ведро, ларь"
"bind (bound, bound)",связывать
binge,"кутёж, загул, пьянка"
birth,рождение
bishop,епископ
bitch,сука
"bite (bit, bitten)","кусать, укус"
bitter,горький
bizarre,"странный, причудливый"
black out,обесточить
blackmail,шантажировать
blade,лезвие
blame,винить
bland,"пресный, мягкий"
blank,"пустой, чистый"
blanket,"одеяло, покрывало"
blast,"дуновение, порыв"
blast,"взрыв, взрывать"
blatant,"явный, вопиющий"
blaze,"полыхать, пламя"
bleach,"отбелить, обесцветить"
bleak,мрачный
"bleed (bled, bled)",кровоточить
blend,смешивать
bless,благословлять
blind,слепой
blink,"мерцать, мигать"
bliss,блаженство
blizzard,"метель, буран"
bloat,раздуваться
block,"кусок, глыба и т. д."
block,квартал
block out,"блокировать, не пускать"
block up,забиться (о канале)
blonde,блондинка
bloom,"расцвет, расцветать"
blossom,"цвести, цвет"
blouse,блузка
blow (blew blown),дуть
blow (blew blown),удар
blow out,задуть (свечу)
blow over,"пройти, утихнуть"
blow up,взорвать
blow up,"накачивать, надувать"
bluff,блеф
blunt,"тупой, притуплять"
blur,"размывать, смазывать"
blush,"румянец, краснеть"
board,"совет, коллегия"
board,доска
board,"борт, подниматься на борт"
boast,"хвастать, хвастовство"
boat,"лодка, судно"
bog,"болото, трясина"
boil,"кипеть, кипятить, варить"
bold,"смелый, дерзкий, безрассудный"
bolster,"укреплять, поддерживать"
bond,"связь, узы, соединение"
bond,"обязательство, облигация"
bone,кость
bonfire,костер
boobs,титьки
book,"купить, забронировать"
boom,"заграждение, пояс"
boost,"повышать, усиливать"
boot,"сапог, ботинок"
booth,"будка, кабина"
booze,выпивка
border,"граница, край"
bore,надоедать
borough,"район, место"
borrow,брать взаймы
both,оба
bother,беспокоить
bottom,дно
boulder,валун
bounce,"отскакивать, прыгать"
bound,обязан
boundary,"граница, черта"
bounds,"границы, рамки (перен.)"
bounty,вознаграждение
bout,"всплеск, приступ"
bout,"бой, поединок"
bow,"бант, бабочка"
bow,лук
bow,"поклон, наклоняться"
bow out,"откланяться, уйти"
bowel,кишка
bowl,миска
brace,"скоба, распорка, скрепа"
bracket,скобка
brag,"хвастаться, кичиться"
braid,коса или оплётка
brake,тормоз
branch,ветвь
branch,"филиал, ответвление"
brass,латунь
brassiere (bra),бюстгальтер
brave,храбрый
brawl,"шумная драка, скандал"
brazen,наглый
breach,"брешь, прорывать, пробивать"
breadth,"ширина, широта"
break,"перерыв, перемена"
"break (broke, broken)",нарушать
break away,отделяться
break down,ломаться
break into (break in),"проникнуть, вломиться"
break out,"вспыхнуть, разразиться"
break out,"сбежать, вырваться"
break up,разорвать отношения
breakthrough,"прорыв, достижение"
breast,грудь
breath,"дыхание, вздох"
breathe,дышать
breed,"порода, поколение и т д."
"breed (bred, bred)","разводить, выращивать"
brew,"заваривать, варить напиток"
bribe,взятка
brick,кирпич
bride,невеста
bridge,мост
brief,краткий
briefcase,портфель
bright,яркий
brilliant,блестящий
brim,край сосуда
"bring (brought, brought)",принести
bring along,взять с собой
bring around,убедить
bring back,вернуть
bring down,"сбрасывать, свергать"
bring in,привлечь
bring out,выпустить (новинку и т.д.)
bring up,поднять тему
bring up,воспитывать
brink,"грань, край"
brisk,"энергичный, оживлённый"
bristle,щетина
brittle,ломкий
broad,широкий
broadcast,"транслировать, трансляция"
broom,"метла, веник"
broth,"бульон, отвар"
bruise,"синяк, ушиб"
brush,"кисть, щётка, чистить"
brute,"животное, зверь, грубый"
bubble,пузырь
buck,"самец, обычно рогатых"
bucket,"ведро, бадья"
buckle,пряжка
buckle up,пристегнуться
bud,бутон или почка растения
buddy,"дружище, парень"
budge,сдвинуть
buffalo,буйвол или бизон
bug,жук
build on,"нарастить, развить"
built-in,встроенный
bulb,"лампа, колба"
bulge,"бугор, выпуклость"
bulk,основная масса
bullet,пуля
bullshit,"ерунда, чушь"
bully,"задира, задирать"
bum,бомж или бездельник
bump,"шишка, выпуклость"
bump,"удар, ударять"
bun,булочка
bunch,"связка, пучок, группа"
bundle,"связка, пучок, пачка"
bunk,"койка, спальное место"
bunny,"кролик (разг, детск.)"
burden,"бремя, нагружать"
burglar,вор взломщик
burn,жечь
burn down,"сгореть, сжечь (полностью)"
burn out,"выгореть, перегореть"
burrow,"нора, зарываться"
burst,"взрыв, всплеск и т. д."
bury,хоронить
bush,куст
bustle,"суета, суматоха"
busy,занятый
butcher,мясник
butt,"торец, зад"
butt,задница
butt in,"встревать, вмешиваться"
butter,масло сливочное
butterfly,бабочка
button,"пуговица, застёгивать"
buy,"верить, соглашаться (разг.)"
buy up,скупить
buzz,жужжать
by chance,случайно
by far,безусловно
by heart,наизусть
by oneself,"один, сам"
by the way,кстати
bypass,"обходить, обход"
cab,такси
cabbage,капуста
cabin,хижина
cable,"канат, кабель, трос и т.д."
cage,клетка
calf (pl:calves),теленок
call back,перезвонить
call for,"требовать, взывать"
call off,отменить
call on,"обратиться, попросить"
calm,"спокойный, успокоить"
calm down,успокоиться
camp,лагерь
can,банка
cancel,отменять
cancer,рак (болезнь)
candid,"честный, беспристрастный"
candle,свеча
candy,конфеты
cane,трость
cannon,пушка
canopy,"навес, тент, полог"
canvas,холст
cap,"кепка, шляпа, колпачок"
capable,способный к ч-л.
capacity,"ёмкость, вместимость"
capacity,"способность, возможность"
cape,мыс
capital,"главный, большой, высший"
captive,пленник
capture,захватить
carbohydrate,углевод
carbon,"углерод, уголь, графит"
carcass,туша
cardboard,картон
care,"забота, уход"
care,"переживать, интересоваться"
career,карьера
caress,"ласкать, гладить"
cargo,"груз, грузовой"
carpenter,плотник
carpet,ковер
carriage,каретка
carrot,морковь
carry,носить
carry out,выполнить
cart,телега
cartoon,мультфильм
carve,вырезать (напр. из дерева)
case,"случай, дело"
case,"ящик, футляр, чехол"
cash,"наличка, обналичить"
casket,шкатулка или гроб (амер.)
"cast (cast, cast)","бросать, метать"
"cast (cast, cast)",отливать
casual,случайный
casualty,"жертва, потери"
catch,"расслышать, уловить"
"catch (caught, caught)",ловить
catch on,становиться популярным
catch on,внезапно понять
catch up on,следить быть в курсе
catch up with,догнать
cater,"обслуживать, угождать"
catering,общественное питание
cathedral,собор
cattle,крупный рогатый скот
cause,"причина, быть причиной"
caution,"предосторожность, предостережение"
cave,"пещера, полость"
caviar,икра
cavity,"полость, впадина"
cease,прекращать
cedar,кедр
ceiling,"потолок, перекрытие"
celebrate,праздновать
celebrity,знаменитость
celestial,"астрономический, небесный"
cell,"ячейка, клетка"
cellar,подвал
cellular,сотовый
cemetery,кладбище
censorship,цензура
census,перепись
century,век
cereal,"злак, каша, хлопья"
certain,"определённый, уверенный"
chain,цепь
chair,стул
chairman,председатель
chalk,мел
challenge,"вызов, необычная задача"
chamber,"кабинет, зал, палата, камера"
chancellor,канцлер
change,"сдача, мелочь"
chant,"петь, скандировать, песнопение"
chaos,хаос
chap,парень
chapel,часовня
chapter,глава
character,персонаж
charge,"заряжать, нагружать"
charge,обвинять
charge,плата
charity,благотворительность
charm,"обаяние, очаровывать"
chart,"схема, график, таблица"
chase,"погоня, гнаться"
chat,болтать
chatter,"болтать, болтовня"
cheat,жульничать
cheat on,изменять
check,проверить
check in,вселиться (в отель)
check into,лечь (в больницу)
check on,"проверить, что всё норм"
check out,"посмотреть, заценить"
check out,освободить номер
checkup,медосмотр
cheek,щека
cheer,"аплодировать, радостно встречать"
cheer on,болеть (за спорт)
cheer up,взбодриться
cheerful,"весёлый, неунывающий"
chef,шеф-повар
chemistry,химия
cherish,"лелеять, хранить"
chess,шахматы
chest,грудь (грудная клетка)
chest,сундук
chestnut,каштан
chew,жевать
chief,"вождь, начальник, главный"
childhood,детство
chill,"холод, охлаждать"
chill out,расслабиться
chimney,дымовая труба
chin,подбородок
chip,"щепка, стружка"
choice,выбор
choir,хор
choke,"задыхаться,  давиться"
chop,рубить
chop down,срубить (дерево)
chop up,порезать (на кусочки)
chord,аккорд
chore,скучная неприятная работа
chorus,припев
Christmas,рождество
chuck,бросать (небрежно)
chuckle,посмеиваться
chunk,кусок
church,церковь
cinema,"кино, кинотеатр"
cinnamon,корица
circle,"круг, окружность"
circuit,"схема, цепь, контур"
circumstance,обстоятельство
circus,цирк
cite,"упоминать, цитировать"
citizen,гражданин
civic,гражданский
civil,гражданский
civilian,гражданский
claim,"требовать, претендовать"
claim,"утверждать, претендовать"
clam,моллюск
clamour,"шум, ропот, протесты"
clamp,"зажимать, зажим"
clap,хлопать в ладоши
clarify,прояснять
clash,столкновение
clasp,"застёжка, застёгивать"
clause,"пункт, статья документа"
claw,"коготь, клешня"
clay,глина
clean up,убрать (мусор)
cleanse,очищать
clear,"ясный, чистый (пр. и перен.)"
clear off,убраться вон
clear out,"убирать, забирать"
clear up,прояснить(ся)
cleave,раскалывать
clench,"стиснуть, сжать"
clergy,духовенство
clerical,"канцелярский, административный"
clever,умный
click,"щёлкать, щелчок"
cliff,утес
climax,"кульминация, разгар"
climb,взбираться
"cling (clung, clung)",цепляться
clip,"отсекать, обрезать"
clip,"зажим, зажимать"
cloak,"плащ, мантия, покров"
clockwise,по часовой стрелке
clog,загромождать
close down,закрыться (насовсем)
close in on,приближаться
closet,стенной шкаф
closure,"закрытие, завершение"
cloth,"ткань, тряпка"
clothe,"одевать, покрывать"
cloud,облако
clout,"влияние, влиятельность"
clove,гвоздика
clue,"ключ, нить, улика"
clump,"комок, кучка, клок"
clumsy,"неловкий, неуклюжий"
clutch,"сцеплять, сцепление"
clutter,"беспорядок, куча всего"
coach,"автобус, вагон, телега"
coach,тренер
coal,уголь
coarse,"грубый, крупный, шероховатый"
coast,побережье
coaster,подставка
coat,покрывать
coat,пальто
coax,"убедить, соблазнить сделать"
coconut,кокос
coerce,принуждать
coffin,гроб
coherent,"согласованный, связный"
cohesion,"единство, согласие"
coil,"катушка, моток, наматывать"
coincide,совпасть
coincidence,совпадение
cold,простуда
collaborate,сотрудничать
collapse,"обрушиться, сложиться"
collar,воротник или ошейник
collect,собирать
collide,сталкиваться
colon,двоеточие
colonel,полковник
column,"столб, колонна"
comb,"расческа, причёсывать"
combat,бой
combine,соединять(ся)
come about,произойти
come across,встретить (случайно)
come along,идти вместе
come along,продвигаться (о работе)
come by,"найти, заполучить"
come by,зайти
come down,сводиться
come from,быть из
come into,унаследовать
come off,"выйти, получиться"
come off,отвалиться
come on,включаться
come out,"выступить, заявить"
come out,выходить (напр. об альбоме)
come over,заходить (в гости)
come through,"пережить, перенести"
come to,очнуться
come to,доходить до
come to life,"оживать, приходить в себя"
come true,сбываться
come under,подвегрнуться
come up,произойти или появиться
come up,приближаться (о событии)
come up to,подойти к кому-л.
come up with,придумать
come with,прилагаться
comedian,комик
comfort,"утешать, утешение"
commemorate,"отметить, почтить"
commence,начинать
commend,высоко оценивать
commercial,реклама (на ТВ)
commission,"поручение, полномочие"
commit,совершить (напр. ошибку)
commitment,приверженность
commitment,обязательство
commodity,"товар, сырьё"
common,общий
common,"обычный, распространённый"
commonplace,"обычное дело, банальность"
commonwealth,содружество
communicate,общаться
community,"община, сообщество"
commute,"ходить, курсировать"
compact,договор
compare,сравнить
comparison,сравнение
compartment,"отсек, отделение, купе"
compassion,"сочуствие, сострадание"
compatible,совместимый
compel,"вынуждать, заставлять"
compete,соперничать
complain,жаловаться
complement,"допонять, дополнение"
complement,"набор, состав, комплект"
complete,"завершить, выполнить"
complex,сложный
complicate,усложнять
comply,"соблюдать, соответствовать"
compose,"составлять, сочинять"
compound,"состав, составной"
comprehend,"понять, вникнуть"
comprehensive,"исчерпывающий, всесторонний"
compress,"сжимать, прессовать"
comprise,"состоять из, охватывать"
compulsory,"принудительный, обязательный"
comrade,товарищ
conceal,скрывать
concede,уступить
conceive,"помыслить, представить"
concept,"понятие, идея"
concern,"забота, тревожить"
conclude,"заключать, завершать"
concrete,"бетон, бетонировать"
concur,соглашаться
condemn,осуждать
condition,состояние
condition,условие
conduct,"вести, поведение"
cone,конус
confer,"дать, принести, присудить"
confer,совещаться
confess,признаваться
confide,"доверить, вверить"
confident,уверенный
confine,ограничить (ся)
confirm,подтвердить
conform,соответствовать
confront,"противостоять, сталкиваться"
confuse,путать
congestion,"загруженность, запор"
congratulate,поздравлять
conjunction,"соединение, связь"
connect,соединять
conquer,завоевать
conquest,завоевание
conscience,"совесть, сознательность"
conscious,"сознательный, сознающий"
consecutive,последующий по времени
consent,"согласие, разрешение"
consequence,последствие
consequent,"последующий, вытекающий"
conserve,"беречь, экономить"
consider,"рассматривать, учитывать"
consider,считать чем-либо
considerable,"крупный, значительный"
consist of,состоять (из)
consistent,последовательный
console,утешать
conspicuous,заметный
conspire,сговариваться
constant,постоянный
constellation,созвездие
constitute,"составлять, образовывать"
constrain,ограничивать (препятствием)
construct,соорудить
construction (site),стройка
consult,советоваться
consume,потреблять
contain,содержать
contaminate,загрязнять
contemplate,созерцать или размышлять
contemporary,"современный, современник"
contempt,"презрение, презирать"
contend,"бороться, соперничать"
content,содержимое
content with,"довольный, довольство"
contest,"соревнование, конкурс"
contingency,непредвиденные обстоятельства
continue,продолжить
contract,сокращаться
contradict,противоречить
contrary,"противоположный, вопреки"
contribute,"способствовать, вносить вклад"
